{
  "coords": [],
  "center": [55.160132, 61.393750],
  "zoom": 12
}